https://pe.motilaloswal.com/,Error
https://prm.motilaloswal.com/,Error
http://promise.motilaloswal.com/,Error
https://skyc.motilaloswal.com/(S(nujna54e1rm3cjk20rdtiufn))/Login/AppLogin.aspx,Error
https://smallcases.motilaloswal.com/,Error
https://wealthdesk.motilaloswal.com/,Error
https://webserver.motilaloswal.com/,Error
https://www.motilaloswalgroup.com/,Error
https://www.motilaloswalre.com/,Error
http://myzone.motilaloswal.com/,Error
http://optstr1.motilaloswal.com/,Error
https://bts.motilaloswal.com/,Error
https://insuranceuat.motilaloswal.com/,Error
https://investinsurance.motilaloswal.com/,Error
https://investmentproduct.motilaloswal.com/,Error
https://mosl.co/,Error
https://source.motilaloswal.com/,Error
https://stockbroker.motilaloswal.com/,Error
https://webapps.motilaloswal.com/,Error
https://crm.motilaloswal.com/frmLogin.aspx ,Error
https://apps1.motilaloswal.com/,Error
https://apps2.motilaloswal.com/,Error
midoffice.motilaloswal.com,192.168.99.37
mokyc.motilaloswal.com,192.168.101.23
mostguide.motilaloswal.com,192.168.103.104
